source,id,order,lat,lon,latlon_q,elevation,slope,aspect,horizon,depth2,depth1,depth,mineral_d,ff_d,total_d,bulk_density,cf,cconc,ccontent,total_c,ccontent_1m,total_c_1m
SANBORN & MASSICOTTE 2010,BC09-04,Gleyed Dystric Brunisol,54.07572222,-131.68611111,HIGH,"NA","NA","NA",Lv/S,7,6,1,100,7,107,0.16,NA,53.95,863.19999999999993,6818.007,863.19999999999993,65.52777
SANBORN & MASSICOTTE 2010,BC09-04,Gleyed Dystric Brunisol,54.07572222,-131.68611111,HIGH,"NA","NA","NA",Fm,6,2,4,NA,NA,NA,0.16,NA,21.77,1393.28,NA,1393.28,NA
SANBORN & MASSICOTTE 2010,BC09-04,Gleyed Dystric Brunisol,54.07572222,-131.68611111,HIGH,"NA","NA","NA",Hh,2,0,2,NA,NA,NA,0.16,NA,41.5,1328,NA,1328,NA
SANBORN & MASSICOTTE 2010,BC09-04,Gleyed Dystric Brunisol,54.07572222,-131.68611111,HIGH,"NA","NA","NA",Aeg,0,-3,3,NA,NA,NA,1.4770000000000001,NA,0.47,208.25699999999998,NA,208.25699999999998,NA
SANBORN & MASSICOTTE 2010,BC09-04,Gleyed Dystric Brunisol,54.07572222,-131.68611111,HIGH,"NA","NA","NA",Bmg,-3,-35,32,NA,NA,NA,1.585,NA,0.21,1065.1199999999999,NA,1065.1199999999999,NA
SANBORN & MASSICOTTE 2010,BC09-04,Gleyed Dystric Brunisol,54.07572222,-131.68611111,HIGH,"NA","NA","NA",BC,-35,-60,25,NA,NA,NA,1.585,NA,0.16,634,NA,634,NA
SANBORN & MASSICOTTE 2010,BC09-04,Gleyed Dystric Brunisol,54.07572222,-131.68611111,HIGH,"NA","NA","NA",Cg,-60,-110,50,NA,NA,NA,1.4735,NA,0.18,1326.1499999999999,NA,1060.9199999999998,NA
SANBORN & MASSICOTTE 2010,BC09-01,Gleyed Dystric Brunisol,54.02630556,-131.98222222,HIGH,"NA","NA","NA",Lv,13,12,1,100,13,113,0.16,NA,53.33,853.28,13974.841000000002,853.28,138.12196000000003
SANBORN & MASSICOTTE 2010,BC09-01,Gleyed Dystric Brunisol,54.02630556,-131.98222222,HIGH,"NA","NA","NA",Fm,12,11,1,NA,NA,NA,0.16,NA,50.78,812.48,NA,812.48,NA
SANBORN & MASSICOTTE 2010,BC09-01,Gleyed Dystric Brunisol,54.02630556,-131.98222222,HIGH,"NA","NA","NA",Hh,11,0,11,NA,NA,NA,0.16,NA,49.88,8778.880000000001,NA,8778.880000000001,NA
SANBORN & MASSICOTTE 2010,BC09-01,Gleyed Dystric Brunisol,54.02630556,-131.98222222,HIGH,"NA","NA","NA",Ae,0,-7,7,NA,NA,NA,1.321,NA,0.35,323.64499999999992,NA,323.64499999999992,NA
SANBORN & MASSICOTTE 2010,BC09-01,Gleyed Dystric Brunisol,54.02630556,-131.98222222,HIGH,"NA","NA","NA",Bm1,-7,-25,18,NA,NA,NA,1.349,NA,0.57999999999999996,1408.356,NA,1408.356,NA
SANBORN & MASSICOTTE 2010,BC09-01,Gleyed Dystric Brunisol,54.02630556,-131.98222222,HIGH,"NA","NA","NA",Bm2,-25,-55,30,NA,NA,NA,1.546,NA,0.25,1159.5000000000002,NA,1159.5000000000002,NA
SANBORN & MASSICOTTE 2010,BC09-01,Gleyed Dystric Brunisol,54.02630556,-131.98222222,HIGH,"NA","NA","NA",BC,-55,-85,30,NA,NA,NA,1.5049999999999999,NA,0.09,406.34999999999997,NA,406.34999999999997,NA
SANBORN & MASSICOTTE 2010,BC09-01,Gleyed Dystric Brunisol,54.02630556,-131.98222222,HIGH,"NA","NA","NA",Cg,-85,-135,50,NA,NA,NA,1.5489999999999999,NA,0.03,232.35,NA,69.704999999999984,NA
SANBORN & MASSICOTTE 2010,BC09-02,Placic Humic Podzol,54.02252778,-131.97555556,HIGH,"NA","NA","NA",Lv,20,19,1,100,20,120,0.11,NA,55.39,609.29000000000008,37507.71,609.29000000000008,348.89009999999996
SANBORN & MASSICOTTE 2010,BC09-02,Placic Humic Podzol,54.02252778,-131.97555556,HIGH,"NA","NA","NA",Fm,19,15,4,NA,NA,NA,0.11,NA,54.29,2388.7599999999998,NA,2388.7599999999998,NA
SANBORN & MASSICOTTE 2010,BC09-02,Placic Humic Podzol,54.02252778,-131.97555556,HIGH,"NA","NA","NA",Hh,15,0,15,NA,NA,NA,0.11,NA,57.66,9513.9,NA,9513.9,NA
SANBORN & MASSICOTTE 2010,BC09-02,Placic Humic Podzol,54.02252778,-131.97555556,HIGH,"NA","NA","NA",Aeg,0,-9,9,NA,NA,NA,0.93,NA,3.74,3130.3800000000006,NA,3130.3800000000006,NA
SANBORN & MASSICOTTE 2010,BC09-02,Placic Humic Podzol,54.02252778,-131.97555556,HIGH,"NA","NA","NA",Bhcj,-9,-20,11,NA,NA,NA,0.86,NA,2.73,2582.5800000000004,NA,2582.5800000000004,NA
SANBORN & MASSICOTTE 2010,BC09-02,Placic Humic Podzol,54.02252778,-131.97555556,HIGH,"NA","NA","NA",Bhg,-20,-59,39,NA,NA,NA,0.86,NA,3.8,12745.2,NA,12745.2,NA
SANBORN & MASSICOTTE 2010,BC09-02,Placic Humic Podzol,54.02252778,-131.97555556,HIGH,"NA","NA","NA",Bg,-59,-62,3,NA,NA,NA,0.86,NA,3.36,866.88,NA,866.88,NA
SANBORN & MASSICOTTE 2010,BC09-02,Placic Humic Podzol,54.02252778,-131.97555556,HIGH,"NA","NA","NA",Bfc,-62,-65,3,NA,NA,NA,1.17,NA,1.57,551.07000000000005,NA,551.07000000000005,NA
SANBORN & MASSICOTTE 2010,BC09-02,Placic Humic Podzol,54.02252778,-131.97555556,HIGH,"NA","NA","NA",BC,-65,-90,25,NA,NA,NA,1.71,NA,0.41,1752.7499999999998,NA,1752.7499999999998,NA
SANBORN & MASSICOTTE 2010,BC09-02,Placic Humic Podzol,54.02252778,-131.97555556,HIGH,"NA","NA","NA",Cg,-90,-135,45,NA,NA,NA,1.74,NA,0.43,3366.9,NA,748.20000000000027,NA
SANBORN & MASSICOTTE 2010,BC09-03,Placic Humic Podzol,54.07275,-131.68861111,HIGH,"NA","NA","NA",Lv/S,20,19,1,100,20,120,0.11,NA,55.72,612.92000000000007,36011.19,612.92000000000007,336.5149
SANBORN & MASSICOTTE 2010,BC09-03,Placic Humic Podzol,54.07275,-131.68861111,HIGH,"NA","NA","NA",Fm,19,15,4,NA,NA,NA,0.11,NA,53.76,2365.4399999999996,NA,2365.4399999999996,NA
SANBORN & MASSICOTTE 2010,BC09-03,Placic Humic Podzol,54.07275,-131.68861111,HIGH,"NA","NA","NA",Hh,15,0,15,NA,NA,NA,0.11,NA,52.2,8613,NA,8613,NA
SANBORN & MASSICOTTE 2010,BC09-03,Placic Humic Podzol,54.07275,-131.68861111,HIGH,"NA","NA","NA",Aeg,0,-12,12,NA,NA,NA,0.60699999999999998,NA,7.24,5273.616,NA,5273.616,NA
SANBORN & MASSICOTTE 2010,BC09-03,Placic Humic Podzol,54.07275,-131.68861111,HIGH,"NA","NA","NA",Bhc,-12,-72,60,NA,NA,NA,1.403,NA,1.7,14310.6,NA,14310.6,NA
SANBORN & MASSICOTTE 2010,BC09-03,Placic Humic Podzol,54.07275,-131.68861111,HIGH,"NA","NA","NA",Bfc,-72,-75,3,NA,NA,NA,1.4419999999999999,NA,2.14,925.76400000000001,NA,925.76400000000001,NA
SANBORN & MASSICOTTE 2010,BC09-03,Placic Humic Podzol,54.07275,-131.68861111,HIGH,"NA","NA","NA",BC,-75,-125,50,NA,NA,NA,1.4419999999999999,NA,0.43,3100.2999999999997,NA,1550.1499999999996,NA
SANBORN & MASSICOTTE 2010,BC09-03,Placic Humic Podzol,54.07275,-131.68861111,HIGH,"NA","NA","NA",Cg,-125,-150,25,NA,NA,NA,1.542,NA,0.21,809.55,NA,0,NA
SANBORN & MASSICOTTE 2010,BC09-06,Placic Humic Podzol,54.022,-131.70916667,HIGH,"NA","NA","NA",Lv/S,40,39,1,100,40,140,0.11,NA,56.2,618.20000000000005,48860.081000000006,618.20000000000005,473.93135
SANBORN & MASSICOTTE 2010,BC09-06,Placic Humic Podzol,54.022,-131.70916667,HIGH,"NA","NA","NA",Fm,39,35,4,NA,NA,NA,0.11,NA,50.51,2222.44,NA,2222.44,NA
SANBORN & MASSICOTTE 2010,BC09-06,Placic Humic Podzol,54.022,-131.70916667,HIGH,"NA","NA","NA",Hh1,35,23,12,NA,NA,NA,0.11,NA,53.21,7023.72,NA,7023.72,NA
SANBORN & MASSICOTTE 2010,BC09-06,Placic Humic Podzol,54.022,-131.70916667,HIGH,"NA","NA","NA",Hh2,23,20,3,NA,NA,NA,0.11,NA,50.9,1679.7,NA,1679.7,NA
SANBORN & MASSICOTTE 2010,BC09-06,Placic Humic Podzol,54.022,-131.70916667,HIGH,"NA","NA","NA",Hh3,20,10,10,NA,NA,NA,0.11,NA,55.46,6100.5999999999995,NA,6100.5999999999995,NA
SANBORN & MASSICOTTE 2010,BC09-06,Placic Humic Podzol,54.022,-131.70916667,HIGH,"NA","NA","NA",Hh4,10,0,10,NA,NA,NA,0.11,NA,47.58,5233.8,NA,5233.8,NA
SANBORN & MASSICOTTE 2010,BC09-06,Placic Humic Podzol,54.022,-131.70916667,HIGH,"NA","NA","NA",Ae,0,-10,10,NA,NA,NA,1.385,NA,4.42,6121.7,NA,6121.7,NA
SANBORN & MASSICOTTE 2010,BC09-06,Placic Humic Podzol,54.022,-131.70916667,HIGH,"NA","NA","NA",Bhc1,-10,-35,25,NA,NA,NA,1.385,NA,1.96,6786.5,NA,6786.5,NA
SANBORN & MASSICOTTE 2010,BC09-06,Placic Humic Podzol,54.022,-131.70916667,HIGH,"NA","NA","NA",Bhc2,-35,-82,47,NA,NA,NA,1.542,NA,1.42,10291.307999999999,NA,10291.307999999999,NA
SANBORN & MASSICOTTE 2010,BC09-06,Placic Humic Podzol,54.022,-131.70916667,HIGH,"NA","NA","NA",Bfc,-82,-85,3,NA,NA,NA,1.542,NA,1.67,772.54200000000003,NA,772.54200000000003,NA
SANBORN & MASSICOTTE 2010,BC09-06,Placic Humic Podzol,54.022,-131.70916667,HIGH,"NA","NA","NA",BC,-85,-130,45,NA,NA,NA,1.4470000000000001,NA,0.25,1627.875,NA,542.625,NA
SANBORN & MASSICOTTE 2010,BC09-06,Placic Humic Podzol,54.022,-131.70916667,HIGH,"NA","NA","NA",Cg,-130,-162,32,NA,NA,NA,1.4910000000000001,NA,0.08,381.69600000000003,NA,0,NA
SANBORN & MASSICOTTE 2010,BC09-07,"NA",54.06908333,-131.67722222,HIGH,"NA","NA","NA","NA","NA","NA","NA","NA","NA","NA","NA",NA,"NA","NA",0,"NA",NA
SANBORN & LAVKULICH 1989,BANFIELD,Ferro-Humic Podzol,48.83333333,-125.13333333,LOW,30,12.5,NE,Oi,14,13,1,51,14,65,0.11,NA,49.5,544.5,97885.4,544.5,978.8539999999999
SANBORN & LAVKULICH 1989,BANFIELD,Ferro-Humic Podzol,48.83333333,-125.13333333,LOW,30,12.5,NE,Oe,13,8,5,NA,NA,NA,0.11,NA,48.3,2656.5,NA,2656.5,NA
SANBORN & LAVKULICH 1989,BANFIELD,Ferro-Humic Podzol,48.83333333,-125.13333333,LOW,30,12.5,NE,Oa,8,0,8,NA,NA,NA,0.11,NA,47.3,4162.3999999999996,NA,4162.3999999999996,NA
SANBORN & LAVKULICH 1989,BANFIELD,Ferro-Humic Podzol,48.83333333,-125.13333333,LOW,30,12.5,NE,E,0,-3,3,NA,NA,NA,0.93,NA,4.7,1311.3000000000002,NA,1311.3000000000002,NA
SANBORN & LAVKULICH 1989,BANFIELD,Ferro-Humic Podzol,48.83333333,-125.13333333,LOW,30,12.5,NE,Bhs1,-3,-10,7,NA,NA,NA,1.71,NA,12.4,14842.800000000001,NA,14842.800000000001,NA
SANBORN & LAVKULICH 1989,BANFIELD,Ferro-Humic Podzol,48.83333333,-125.13333333,LOW,30,12.5,NE,Bhs2,-10,-35,25,NA,NA,NA,1.71,NA,8.5,36337.5,NA,36337.5,NA
SANBORN & LAVKULICH 1989,BANFIELD,Ferro-Humic Podzol,48.83333333,-125.13333333,LOW,30,12.5,NE,Bhs3,-35,-51,16,NA,NA,NA,1.71,NA,13.9,38030.400000000001,NA,38030.400000000001,NA
SANBORN & LAVKULICH 1989,CARNATIONCREEK1,Ferro-Humic Podzol,48.91666667,-124.98333333,LOW,170,27.5,N,Oa,11,6,5,68,11,79,0.11,NA,49.8,2739,86991.9,2739,869.919
SANBORN & LAVKULICH 1989,CARNATIONCREEK1,Ferro-Humic Podzol,48.91666667,-124.98333333,LOW,170,27.5,N,Oa,6,0,6,NA,NA,NA,0.11,NA,46.7,3082.2000000000003,NA,3082.2000000000003,NA
SANBORN & LAVKULICH 1989,CARNATIONCREEK1,Ferro-Humic Podzol,48.91666667,-124.98333333,LOW,170,27.5,N,E,0,-2,2,NA,NA,NA,0.93,NA,5.5,1023,NA,1023,NA
SANBORN & LAVKULICH 1989,CARNATIONCREEK1,Ferro-Humic Podzol,48.91666667,-124.98333333,LOW,170,27.5,N,Bhs2,-2,-20,18,NA,NA,NA,1.71,NA,7.1,21853.8,NA,21853.8,NA
SANBORN & LAVKULICH 1989,CARNATIONCREEK1,Ferro-Humic Podzol,48.91666667,-124.98333333,LOW,170,27.5,N,Bhs2,-20,-35,15,NA,NA,NA,1.71,NA,9,23084.999999999996,NA,23084.999999999996,NA
SANBORN & LAVKULICH 1989,CARNATIONCREEK1,Ferro-Humic Podzol,48.91666667,-124.98333333,LOW,170,27.5,N,Bhs3,-35,-45,10,NA,NA,NA,1.71,NA,7,11970.000000000002,NA,11970.000000000002,NA
SANBORN & LAVKULICH 1989,CARNATIONCREEK1,Ferro-Humic Podzol,48.91666667,-124.98333333,LOW,170,27.5,N,Bhs4,-45,-55,10,NA,NA,NA,1.71,NA,11.9,20349,NA,20349,NA
SANBORN & LAVKULICH 1989,CARNATIONCREEK1,Ferro-Humic Podzol,48.91666667,-124.98333333,LOW,170,27.5,N,Bms,-55,-68,13,NA,NA,NA,1.71,NA,1.3,2889.9,NA,2889.9,NA
SANBORN & LAVKULICH 1989,CARNATIONCREEK2,Ferro-Humic Podzol,48.91666667,-124.98333333,LOW,240,27.5,N,Oi,11,9,2,100,11,111,0.11,NA,47,1034,355850.9,1034,1516.4270000000001
SANBORN & LAVKULICH 1989,CARNATIONCREEK2,Ferro-Humic Podzol,48.91666667,-124.98333333,LOW,240,27.5,N,Oe,9,6,3,NA,NA,NA,0.11,NA,51.7,1706.1000000000001,NA,1706.1000000000001,NA
SANBORN & LAVKULICH 1989,CARNATIONCREEK2,Ferro-Humic Podzol,48.91666667,-124.98333333,LOW,240,27.5,N,Oa,6,0,6,NA,NA,NA,0.11,NA,50.2,3313.2,NA,3313.2,NA
SANBORN & LAVKULICH 1989,CARNATIONCREEK2,Ferro-Humic Podzol,48.91666667,-124.98333333,LOW,240,27.5,N,Bhs1,0,-20,20,NA,NA,NA,1.71,NA,14.6,49932,NA,49932,NA
SANBORN & LAVKULICH 1989,CARNATIONCREEK2,Ferro-Humic Podzol,48.91666667,-124.98333333,LOW,240,27.5,N,Bhs2,-20,-77,57,NA,NA,NA,1.71,NA,5.9,57507.3,NA,57507.3,NA
SANBORN & LAVKULICH 1989,CARNATIONCREEK2,Ferro-Humic Podzol,48.91666667,-124.98333333,LOW,240,27.5,N,Bhs3,-77,-123,46,NA,NA,NA,1.71,NA,9.6999999999999993,76300.2,NA,38150.1,NA
SANBORN & LAVKULICH 1989,CARNATIONCREEK2,Ferro-Humic Podzol,48.91666667,-124.98333333,LOW,240,27.5,N,Bhs4,-123,-133,10,NA,NA,NA,1.71,NA,15.7,26847,NA,0,NA
SANBORN & LAVKULICH 1989,CARNATIONCREEK2,Ferro-Humic Podzol,48.91666667,-124.98333333,LOW,240,27.5,N,Bhs5,-133,-170,37,NA,NA,NA,1.71,NA,11.3,71495.100000000006,NA,0,NA
SANBORN & LAVKULICH 1989,CARNATIONCREEK2,Ferro-Humic Podzol,48.91666667,-124.98333333,LOW,240,27.5,N,Bhs6,-170,-210,40,NA,NA,NA,1.71,NA,9.9,67716,NA,0,NA
LEWIS 1976,AD,Duric Humo-Ferric Podzol,48.85,-124.25,LOW,229,25,E,LF,5,2.5,2.5,100,5,105,0.14000000000000001,NA,45.94,1607.8999999999999,9910.51,1607.8999999999999,97.73039000000001
LEWIS 1976,AD,Duric Humo-Ferric Podzol,48.85,-124.25,LOW,229,25,E,H,2.5,0,2.5,NA,NA,NA,0.14000000000000001,NA,36.94,1292.8999999999999,NA,1292.8999999999999,NA
LEWIS 1976,AD,Duric Humo-Ferric Podzol,48.85,-124.25,LOW,229,25,E,Bfh,0,-15,15,NA,NA,NA,1.38,77,3.8,1809.1799999999998,NA,1809.1799999999998,NA
LEWIS 1976,AD,Duric Humo-Ferric Podzol,48.85,-124.25,LOW,229,25,E,Bf1,-15,-30,15,NA,NA,NA,1.38,73,2.23,1246.347,NA,1246.347,NA
LEWIS 1976,AD,Duric Humo-Ferric Podzol,48.85,-124.25,LOW,229,25,E,Bf2,-30,-45,15,NA,NA,NA,1.38,73,2.1,1173.69,NA,1173.69,NA
LEWIS 1976,AD,Duric Humo-Ferric Podzol,48.85,-124.25,LOW,229,25,E,Bf3,-45,-60,15,NA,NA,NA,1.38,76,2.06,1023.4079999999999,NA,1023.4079999999999,NA
LEWIS 1976,AD,Duric Humo-Ferric Podzol,48.85,-124.25,LOW,229,25,E,Bfgj1,-60,-75,15,NA,NA,NA,1.38,76,1.8,894.24,NA,894.24,NA
LEWIS 1976,AD,Duric Humo-Ferric Podzol,48.85,-124.25,LOW,229,25,E,Bfgj2,-75,-90,15,NA,NA,NA,1.38,84,1.36,450.43199999999996,NA,450.43199999999996,NA
LEWIS 1976,AD,Duric Humo-Ferric Podzol,48.85,-124.25,LOW,229,25,E,BCd,-90,-105,15,NA,NA,NA,1.38,53.666666666666664,0.43,412.41300000000001,NA,274.94200000000001,NA
LEWIS 1976,AD,Duric Humo-Ferric Podzol,48.85,-124.25,LOW,229,25,E,C,105,105,"NA",NA,NA,NA,"NA",NA,"NA","NA",NA,"NA",NA
LEWIS 1976,AW,Duric Ferro-Humic Podzol,50.7,-128.03333333,LOW,168,20,E,LF,10,7.5,2.5,100,10,110,0.11,NA,43.07,1184.425,25911.187,1184.425,256.87348000000003
LEWIS 1976,AW,Duric Ferro-Humic Podzol,50.7,-128.03333333,LOW,168,20,E,H,7.5,0,7.5,NA,NA,NA,0.11,NA,43.07,3553.2750000000001,NA,3553.2750000000001,NA
LEWIS 1976,AW,Duric Ferro-Humic Podzol,50.7,-128.03333333,LOW,168,20,E,Bhf,0,-15,15,NA,NA,NA,0.86,46,7.1,4945.8600000000006,NA,4945.8600000000006,NA
LEWIS 1976,AW,Duric Ferro-Humic Podzol,50.7,-128.03333333,LOW,168,20,E,Bfh1,-15,-30,15,NA,NA,NA,0.86,44,4.42,3193.0079999999998,NA,3193.0079999999998,NA
LEWIS 1976,AW,Duric Ferro-Humic Podzol,50.7,-128.03333333,LOW,168,20,E,Bfh2,-30,-45,15,NA,NA,NA,0.86,42,3.88,2903.0160000000001,NA,2903.0160000000001,NA
LEWIS 1976,AW,Duric Ferro-Humic Podzol,50.7,-128.03333333,LOW,168,20,E,Bfh3,-45,-60,15,NA,NA,NA,0.86,43,3.86,2838.2579999999994,NA,2838.2579999999994,NA
LEWIS 1976,AW,Duric Ferro-Humic Podzol,50.7,-128.03333333,LOW,168,20,E,Bfh4,-60,-75,15,NA,NA,NA,0.86,54,4.92,2919.5280000000002,NA,2919.5280000000002,NA
LEWIS 1976,AW,Duric Ferro-Humic Podzol,50.7,-128.03333333,LOW,168,20,E,Bfhgj,-75,-90,15,NA,NA,NA,0.86,50,5.74,3702.2999999999997,NA,3702.2999999999997,NA
LEWIS 1976,AW,Duric Ferro-Humic Podzol,50.7,-128.03333333,LOW,168,20,E,BCd,-90,-105,15,NA,NA,NA,1.71,66,0.77,671.51700000000005,NA,447.67800000000005,NA
LEWIS 1976,AW,Duric Ferro-Humic Podzol,50.7,-128.03333333,LOW,168,20,E,C,105,105,0,NA,NA,NA,"NA",NA,0.31,"NA",NA,"NA",NA
LEWIS 1976,BD,Duric Humo-Ferric Podzol,50.2,-125.51666667,LOW,244,10,W,LF,7.5,4,3.5,100,7.5,107.5,0.14000000000000001,NA,44.6,2185.4000000000005,19902.301,2185.4000000000005,170.20239999999998
LEWIS 1976,BD,Duric Humo-Ferric Podzol,50.2,-125.51666667,LOW,244,10,W,H,4,0,4,NA,NA,NA,0.14000000000000001,NA,32.92,1843.5200000000002,NA,1843.5200000000002,NA
LEWIS 1976,BD,Duric Humo-Ferric Podzol,50.2,-125.51666667,LOW,244,10,W,Bf1,0,-20,20,NA,NA,NA,1.38,40,1.69,2798.639999999999,NA,2798.639999999999,NA
LEWIS 1976,BD,Duric Humo-Ferric Podzol,50.2,-125.51666667,LOW,244,10,W,Bf2,-20,-40,20,NA,NA,NA,1.38,55,1.55,1925.1000000000001,NA,1925.1000000000001,NA
LEWIS 1976,BD,Duric Humo-Ferric Podzol,50.2,-125.51666667,LOW,244,10,W,Bf3,-40,-60,20,NA,NA,NA,1.38,60,1.71,1887.84,NA,1887.84,NA
LEWIS 1976,BD,Duric Humo-Ferric Podzol,50.2,-125.51666667,LOW,244,10,W,Bfgj1,-60,-80,20,NA,NA,NA,1.38,63,2.1,2144.52,NA,2144.52,NA
LEWIS 1976,BD,Duric Humo-Ferric Podzol,50.2,-125.51666667,LOW,244,10,W,Bfgh2,-80,-112,32,NA,NA,NA,1.38,55,3.41,6776.3519999999999,NA,4235.2199999999993,NA
LEWIS 1976,BD,Duric Humo-Ferric Podzol,50.2,-125.51666667,LOW,244,10,W,BCd,-112,-127,15,NA,NA,NA,1.38,39,0.27,340.92899999999997,NA,0,NA
LEWIS 1976,BD,Duric Humo-Ferric Podzol,50.2,-125.51666667,LOW,244,10,W,C,127,127,0,NA,NA,NA,"NA",NA,0.12,"NA",NA,"NA",NA
LEWIS 1976,BW,Duric Humo-Ferric Podzol,50.53333333,-127.33333333,LOW,168,5,FLAT,LF,10,7.5,2.5,100,10,110,0.14000000000000001,NA,48.23,1688.05,20944.576,1688.05,208.20100000000002
LEWIS 1976,BW,Duric Humo-Ferric Podzol,50.53333333,-127.33333333,LOW,168,5,FLAT,H,7.5,0,7.5,NA,NA,NA,0.14000000000000001,NA,48.81,5125.05,NA,5125.05,NA
LEWIS 1976,BW,Duric Humo-Ferric Podzol,50.53333333,-127.33333333,LOW,168,5,FLAT,Bfh1,0,-15,15,NA,NA,NA,1.38,52,4.24,4212.8639999999996,NA,4212.8639999999996,NA
LEWIS 1976,BW,Duric Humo-Ferric Podzol,50.53333333,-127.33333333,LOW,168,5,FLAT,Bfh2,-15,-30,15,NA,NA,NA,1.38,52,3.23,3209.328,NA,3209.328,NA
LEWIS 1976,BW,Duric Humo-Ferric Podzol,50.53333333,-127.33333333,LOW,168,5,FLAT,Bf1,-30,-45,15,NA,NA,NA,1.38,46,2.11,2358.5579999999995,NA,2358.5579999999995,NA
LEWIS 1976,BW,Duric Humo-Ferric Podzol,50.53333333,-127.33333333,LOW,168,5,FLAT,Bf2,-45,-60,15,NA,NA,NA,1.38,59,1.22,1035.4139999999998,NA,1035.4139999999998,NA
LEWIS 1976,BW,Duric Humo-Ferric Podzol,50.53333333,-127.33333333,LOW,168,5,FLAT,Bfgj1,-60,-75,15,NA,NA,NA,1.38,56,1.1200000000000001,1020.096,NA,1020.096,NA
LEWIS 1976,BW,Duric Humo-Ferric Podzol,50.53333333,-127.33333333,LOW,168,5,FLAT,Bfgh2,-75,-90,15,NA,NA,NA,1.38,56,2.11,1921.7879999999996,NA,1921.7879999999996,NA
LEWIS 1976,BW,Duric Humo-Ferric Podzol,50.53333333,-127.33333333,LOW,168,5,FLAT,BCd,-90,-105,15,NA,NA,NA,1.38,56,0.41,373.42799999999994,NA,248.95199999999997,NA
LEWIS 1976,BW,Duric Humo-Ferric Podzol,50.53333333,-127.33333333,LOW,168,5,FLAT,C,105,105,0,NA,NA,NA,"NA",NA,0.17,"NA",NA,"NA",NA
LEWIS 1976,GD,Duric Dystric Brunisol,49.05,-124.16666667,LOW,366,10,S,LF,7.5,5,2.5,77.5,7.5,85,0.16,NA,42.02,1680.8,10613.12023529412,1680.8,106.13120235294119
LEWIS 1976,GD,Duric Dystric Brunisol,49.05,-124.16666667,LOW,366,10,S,H,5,0,5,NA,NA,NA,0.16,NA,31.9,2552,NA,2552,NA
LEWIS 1976,GD,Duric Dystric Brunisol,49.05,-124.16666667,LOW,366,10,S,Ae,0,-2.5,2.5,NA,NA,NA,1.24,22,1.89,457.00200000000001,NA,457.00200000000001,NA
LEWIS 1976,GD,Duric Dystric Brunisol,49.05,-124.16666667,LOW,366,10,S,Bm1,-2.5,-17.5,15,NA,NA,NA,1.45,44.470588235294116,1.31,1582.1717647058824,NA,1582.1717647058824,NA
LEWIS 1976,GD,Duric Dystric Brunisol,49.05,-124.16666667,LOW,366,10,S,Bm2,-17.5,-32.5,15,NA,NA,NA,1.45,44.470588235294116,1.25,1509.7058823529412,NA,1509.7058823529412,NA
LEWIS 1976,GD,Duric Dystric Brunisol,49.05,-124.16666667,LOW,366,10,S,Bm3,-32.5,-47.5,15,NA,NA,NA,1.45,44.470588235294116,0.89,1074.9105882352942,NA,1074.9105882352942,NA
LEWIS 1976,GD,Duric Dystric Brunisol,49.05,-124.16666667,LOW,366,10,S,Bmgj,-47.5,-62.5,15,NA,NA,NA,1.45,56,1.04,995.28,NA,995.28,NA
LEWIS 1976,GD,Duric Dystric Brunisol,49.05,-124.16666667,LOW,366,10,S,BCd,-62.5,-77.5,15,NA,NA,NA,1.45,NA,0.35,761.25,NA,761.25,NA
LEWIS 1976,GD,Duric Dystric Brunisol,49.05,-124.16666667,LOW,366,10,S,C,-77.5,-77.5,0,NA,NA,NA,"NA",NA,0.12,"NA",NA,"NA",NA
LEWIS 1976,GW,Duric Ferro-Humic Podzol,48.6,-124.36666667,LOW,533,40,SE,LF,22.5,7.5,15,100,22.5,122.5,0.11,NA,25.07,4136.5499999999993,55027.8885,4136.5499999999993,544.29702
LEWIS 1976,GW,Duric Ferro-Humic Podzol,48.6,-124.36666667,LOW,533,40,SE,H,7.5,0,7.5,NA,NA,NA,0.11,NA,50.34,4153.05,NA,4153.05,NA
LEWIS 1976,GW,Duric Ferro-Humic Podzol,48.6,-124.36666667,LOW,533,40,SE,Bhf1,0,-15,15,NA,NA,NA,0.86,49,10.98,7223.7420000000011,NA,7223.7420000000011,NA
LEWIS 1976,GW,Duric Ferro-Humic Podzol,48.6,-124.36666667,LOW,533,40,SE,Bhf2,-15,-30,15,NA,NA,NA,0.86,33,8.56,7398.4080000000004,NA,7398.4080000000004,NA
LEWIS 1976,GW,Duric Ferro-Humic Podzol,48.6,-124.36666667,LOW,533,40,SE,Bhf3,-30,-45,15,NA,NA,NA,0.86,29,7.93,7263.0869999999986,NA,7263.0869999999986,NA
LEWIS 1976,GW,Duric Ferro-Humic Podzol,48.6,-124.36666667,LOW,533,40,SE,Bhf4,-45,-60,15,NA,NA,NA,0.86,33,11.01,9515.9430000000011,NA,9515.9430000000011,NA
LEWIS 1976,GW,Duric Ferro-Humic Podzol,48.6,-124.36666667,LOW,533,40,SE,Bhfgj1,-60,-75,15,NA,NA,NA,0.86,48,9.58,6426.2639999999992,NA,6426.2639999999992,NA
LEWIS 1976,GW,Duric Ferro-Humic Podzol,48.6,-124.36666667,LOW,533,40,SE,Bhfgj2,-75,-90,15,NA,NA,NA,0.86,41,9.35,7116.2849999999999,NA,7116.2849999999999,NA
LEWIS 1976,GW,Duric Ferro-Humic Podzol,48.6,-124.36666667,LOW,533,40,SE,BCd,-90,-105,15,NA,NA,NA,1.71,53.666666666666664,1.51,1794.5595000000003,NA,1196.3730000000003,NA
LEWIS 1976,GW,Duric Ferro-Humic Podzol,48.6,-124.36666667,LOW,533,40,SE,C,105,105,0,NA,NA,NA,"NA",NA,1.43,"NA",NA,"NA",NA
LEWIS 1976,LW,Duric Ferro-Humic Podzol,50.61666667,-128.05,LOW,274,20,SE,LF,12.5,10,2.5,70,12.5,82.5,0.11,NA,33.409999999999997,918.77499999999975,20860.791,918.77499999999975,208.60791
LEWIS 1976,LW,Duric Ferro-Humic Podzol,50.61666667,-128.05,LOW,274,20,SE,H,10,0,10,NA,NA,NA,0.11,NA,44.35,4878.5,NA,4878.5,NA
LEWIS 1976,LW,Duric Ferro-Humic Podzol,50.61666667,-128.05,LOW,274,20,SE,Bhf,0,-15,15,NA,NA,NA,0.86,35,6.13,5140.0050000000001,NA,5140.0050000000001,NA
LEWIS 1976,LW,Duric Ferro-Humic Podzol,50.61666667,-128.05,LOW,274,20,SE,Bhf,-15,-30,15,NA,NA,NA,0.86,39,5.38,4233.5219999999999,NA,4233.5219999999999,NA
LEWIS 1976,LW,Duric Ferro-Humic Podzol,50.61666667,-128.05,LOW,274,20,SE,Bfhgj1,-30,-45,15,NA,NA,NA,0.86,41,3.67,2793.2370000000001,NA,2793.2370000000001,NA
LEWIS 1976,LW,Duric Ferro-Humic Podzol,50.61666667,-128.05,LOW,274,20,SE,Bfhgj2,-45,-55,10,NA,NA,NA,0.86,45,3.3,1560.9000000000003,NA,1560.9000000000003,NA
LEWIS 1976,LW,Duric Ferro-Humic Podzol,50.61666667,-128.05,LOW,274,20,SE,BCd,-55,-70,15,NA,NA,NA,1.71,44,0.93,1335.8520000000003,NA,1335.8520000000003,NA
LEWIS 1976,LW,Duric Ferro-Humic Podzol,50.61666667,-128.05,LOW,274,20,SE,C,-70,-70,0,NA,NA,NA,"NA",NA,0.39,"NA",NA,"NA",NA
LEWIS 1976,SW,Orthic Humo-Ferric Podzol,48.56666667,-124.33333333,LOW,229,25,N,LF,10,7.5,2.5,100,10,110,0.14000000000000001,NA,46.61,1631.3500000000001,30635.554000000004,1631.3500000000001,268.0101000000001
LEWIS 1976,SW,Orthic Humo-Ferric Podzol,48.56666667,-124.33333333,LOW,229,25,N,H,7.5,0,7.5,NA,NA,NA,0.14000000000000001,NA,43.16,4531.8,NA,4531.8,NA
LEWIS 1976,SW,Orthic Humo-Ferric Podzol,48.56666667,-124.33333333,LOW,229,25,N,Ae,0,-5,5,NA,NA,NA,1.31,22,1.1599999999999999,592.64400000000001,NA,592.64400000000001,NA
LEWIS 1976,SW,Orthic Humo-Ferric Podzol,48.56666667,-124.33333333,LOW,229,25,N,Bfh,-5,-20,15,NA,NA,NA,1.46,32,2.98,4437.8159999999998,NA,4437.8159999999998,NA
LEWIS 1976,SW,Orthic Humo-Ferric Podzol,48.56666667,-124.33333333,LOW,229,25,N,Bf1,-20,-35,15,NA,NA,NA,1.46,36,2.59,3630.1440000000002,NA,3630.1440000000002,NA
LEWIS 1976,SW,Orthic Humo-Ferric Podzol,48.56666667,-124.33333333,LOW,229,25,N,Bf2,-35,-50,15,NA,NA,NA,1.46,35,1.63,2320.3049999999998,NA,2320.3049999999998,NA
LEWIS 1976,SW,Orthic Humo-Ferric Podzol,48.56666667,-124.33333333,LOW,229,25,N,Bf3,-50,-65,15,NA,NA,NA,1.46,34,0.85,1228.5900000000001,NA,1228.5900000000001,NA
LEWIS 1976,SW,Orthic Humo-Ferric Podzol,48.56666667,-124.33333333,LOW,229,25,N,Bf4,-65,-80,15,NA,NA,NA,1.46,43,1.96,2446.6679999999997,NA,2446.6679999999997,NA
LEWIS 1976,SW,Orthic Humo-Ferric Podzol,48.56666667,-124.33333333,LOW,229,25,N,Bfgj1,-80,-95,15,NA,NA,NA,1.46,33,2.77,4064.4210000000003,NA,4064.4210000000003,NA
LEWIS 1976,SW,Orthic Humo-Ferric Podzol,48.56666667,-124.33333333,LOW,229,25,N,Bfgj2,-95,-110,15,NA,NA,NA,1.46,33,3.92,5751.8159999999998,NA,1917.2719999999999,NA
LEWIS 1976,SW,Orthic Humo-Ferric Podzol,48.56666667,-124.33333333,LOW,229,25,N,C,-110,-110,0,NA,NA,NA,"NA",NA,0.43,"NA",NA,"NA",NA
